{
    "providers": [
        {
            "type": "bitmap",
            "file": "minecraft:Bars/LowBar.png",
            "ascent": 36,
            "height": 36,
            "chars": ["\uE100"]
        },
        {
            "type": "bitmap",
            "file": "minecraft:Bars/LowBar2.png",
            "ascent": 33,
            "height": 33,
            "chars": ["\uE101"]
        },
        {
            "type": "bitmap",
            "file": "minecraft:Bars/MedBar1.png",
            "ascent": 33,
            "height": 33,
            "chars": ["\uE102"]
        },
        {
            "type": "bitmap",
            "file": "minecraft:Bars/MedBar2.png",
            "ascent": 33,
            "height": 33,
            "chars": ["\uE103"]
        },
        {
            "type": "bitmap",
            "file": "minecraft:Bars/HighBar1.png",
            "ascent": 33,
            "height": 33,
            "chars": ["\uE104"]
        },
        {
            "type": "bitmap",
            "file": "minecraft:Bars/FullyCharged.png",
            "ascent": 33,
            "height": 33,
            "chars": ["\uE104"]
        }
    ]
}
