{
  "providers": [
    {
      "type": "bitmap",
      "file": "bars/f0.png",
      "ascent": 8,
      "height": 8,
      "chars": ["\uE100"],
      "columns": 1,
      "spacing": 0
    },
    {
      "type": "bitmap",
      "file": "bars/f1.png",
      "ascent": 10,
      "height": 10,
      "chars": ["\uE101"],
      "columns": 1,
      "spacing": 0
    },
    {
      "type": "bitmap",
      "file": "bars/f2.png",
      "ascent": 10,
      "height": 10,
      "chars": ["\uE102"],
      "columns": 1,
      "spacing": 0
    },
    {
      "type": "bitmap",
      "file": "bars/f3.png",
      "ascent": 10,
      "height": 10,
      "chars": ["\uE103"],
      "columns": 1,
      "spacing": 0
    },
    {
      "type": "bitmap",
      "file": "bars/f4.png",
      "ascent": 10,
      "height": 10,
      "chars": ["\uE104"],
      "columns": 1,
      "spacing": 0
    },
    {
      "type": "bitmap",
      "file": "bars/f5.png",
      "ascent": 10,
      "height": 10,
      "chars": ["\uE105"],
      "columns": 1,
      "spacing": 0
    },
    {
      "type": "bitmap",
      "file": "bars/f6.png",
      "ascent": 10,
      "height": 10,
      "chars": ["\uE106"],
      "columns": 1,
      "spacing": 0
    },
    {
      "type": "bitmap",
      "file": "bars/f7.png",
      "ascent": 10,
      "height": 10,
      "chars": ["\uE107"],
      "columns": 1,
      "spacing": 0
    },
    {
      "type": "bitmap",
      "file": "bars/f8.png",
      "ascent": 10,
      "height": 10,
      "chars": ["\uE108"],
      "columns": 1,
      "spacing": 0
    },
    {
      "type": "bitmap",
      "file": "bars/f9.png",
      "ascent": 10,
      "height": 10,
      "chars": ["\uE109"],
      "columns": 1,
      "spacing": 0
    },
    {
      "type": "bitmap",
      "file": "bars/f10.png",
      "ascent": 16,
      "height": 16,
      "chars": ["\uE110"],
      "columns": 1,
      "spacing": 0
    },
    {
      "type": "bitmap",
      "file": "bars/f11.png",
      "ascent": 10,
      "height": 10,
      "chars": ["\uE111"],
      "columns": 1,
      "spacing": 0
    },
    {
      "type": "bitmap",
      "file": "bars/f12.png",
      "ascent": 10,
      "height": 10,
      "chars": ["\uE112"],
      "columns": 1,
      "spacing": 0
    }

  ]
}