{
    "providers": [
        {
            "type": "bitmap",
            "file": "minecraft:custom/LowBar.png",
            "ascent": 8,
            "height": 8,
            "chars": ["\uE100"]
        },
        {
            "type": "bitmap",
            "file": "minecraft:custom/LowBar2.png",
            "ascent": 8,
            "height": 8,
            "chars": ["\uE101"]
        },
        {
            "type": "bitmap",
            "file": "minecraft:custom/MedBar1.png",
            "ascent": 8,
            "height": 8,
            "chars": ["\uE102"]
        },
        {
            "type": "bitmap",
            "file": "minecraft:custom/MedBar2.png",
            "ascent": 8,
            "height": 8,
            "chars": ["\uE103"]
        },
        {
            "type": "bitmap",
            "file": "minecraft:custom/HighBar1.png",
            "ascent": 8,
            "height": 8,
            "chars": ["\uE104"]
        },
        {
            "type": "bitmap",
            "file": "minecraft:custom/FullyCharged.png",
            "ascent": 8,
            "height": 8,
            "chars": ["\uE104"]
        }
    ]
}
